id,title,category_id,price,currency_id,available_quantity,sold_quantity,condition,permalink,seller_id,seller_power_seller_status
MLA1141052441,"Google Nest Hub 2nd Gen Con Asistente Virtual Google Assistant, Pantalla Integrada De 7  Charcoal 110v/220v",MLA409415,419990,ARS,,,new,https://articulo.mercadolibre.com.ar/MLA-1141052441-google-nest-hub-2nd-gen-con-asistente-virtual-google-assistant-pantalla-integrada-de-7-charcoal-110v220v-_JM,,
MLA915561586,Google Home Mini Con Asistente Virtual Google Assistant Charcoal 110v/220v,MLA409415,75990,ARS,,,new,https://articulo.mercadolibre.com.ar/MLA-915561586-google-home-mini-con-asistente-virtual-google-assistant-charcoal-110v220v-_JM,,
MLA912740661,Google Nest Mini Nest Mini 2nd Gen Con Asistente Virtual Google Assistant Chalk 110v/220v,MLA409415,169999,ARS,,,new,https://articulo.mercadolibre.com.ar/MLA-912740661-google-nest-mini-nest-mini-2nd-gen-con-asistente-virtual-google-assistant-chalk-110v220v-_JM,,
MLA1616758962,Google Home Asistente Virtual Google Assistant Refabricado,MLA409415,119990,ARS,,,new,https://articulo.mercadolibre.com.ar/MLA-1616758962-google-home-asistente-virtual-google-assistant-refabricado-_JM,,
MLA1597574484,Parlante Google Home Mini Asistente Virtual Refabricado,MLA409415,69990,ARS,,,new,https://articulo.mercadolibre.com.ar/MLA-1597574484-parlante-google-home-mini-asistente-virtual-refabricado-_JM,,
MLA1398793543,Google Home Mini Con Asistente Virtual Google Assistant Ref,MLA409415,69990,ARS,,,new,https://articulo.mercadolibre.com.ar/MLA-1398793543-google-home-mini-con-asistente-virtual-google-assistant-ref-_JM,,
MLA1384134643,Google Home Mini Versión Bulk/ Sin Caja/ Cargador Original!,MLA409415,85995,ARS,,,new,https://articulo.mercadolibre.com.ar/MLA-1384134643-google-home-mini-version-bulk-sin-caja-cargador-original-_JM,,
MLA1125948601,Combo Google Home Mini + Chromecast 2 Ga00379-us,MLA409415,129990,ARS,,,new,https://articulo.mercadolibre.com.ar/MLA-1125948601-combo-google-home-mini-chromecast-2-ga00379-us-_JM,,
MLA1398767505,Google Home Mini Con Asistente Virtual Multi-room Ref,MLA409415,99990,ARS,,,new,https://articulo.mercadolibre.com.ar/MLA-1398767505-google-home-mini-con-asistente-virtual-multi-room-ref-_JM,,
MLA1597677286,Speaker Google Home Mini Con Asistente Virtual  Refabricado,MLA409415,89990,ARS,,,new,https://articulo.mercadolibre.com.ar/MLA-1597677286-speaker-google-home-mini-con-asistente-virtual-refabricado-_JM,,
MLA1597457958,Google Home Mini Con Asistente Virtual  Charcoal Refabricado,MLA409415,69990,ARS,,,new,https://articulo.mercadolibre.com.ar/MLA-1597457958-google-home-mini-con-asistente-virtual-charcoal-refabricado-_JM,,
MLA1398755255,Google Home Mini Google Assistant Chalk 110v/220v Ref,MLA409415,55990,ARS,,,new,https://articulo.mercadolibre.com.ar/MLA-1398755255-google-home-mini-google-assistant-chalk-110v220v-ref-_JM,,
MLA1597470910,Google Home Mini Con Google Assistant Negro Reacondicionado,MLA409415,69990,ARS,,,new,https://articulo.mercadolibre.com.ar/MLA-1597470910-google-home-mini-con-google-assistant-negro-reacondicionado-_JM,,
MLA1398845395,Google Home Mini Con Asistente Virtual Chalk 110v/220v Ref,MLA409415,55990,ARS,,,new,https://articulo.mercadolibre.com.ar/MLA-1398845395-google-home-mini-con-asistente-virtual-chalk-110v220v-ref-_JM,,
MLA1125935779,Google Home Mini + Chromecast 2nd Generation Netflix Spotify,MLA409415,129490,ARS,,,new,https://articulo.mercadolibre.com.ar/MLA-1125935779-google-home-mini-chromecast-2nd-generation-netflix-spotify-_JM,,
MLA930506223,Soporte Montaje Embutido Pared Google Home Hub Mountgenie,MLA409415,19900,ARS,,,new,https://articulo.mercadolibre.com.ar/MLA-930506223-soporte-montaje-embutido-pared-google-home-hub-mountgenie-_JM,,
MLA916372672,Google Home Hub Pantalla 7 Nest 2da Gen Asistente Virtual ,MLA409415,368000,ARS,,,new,https://articulo.mercadolibre.com.ar/MLA-916372672-google-home-hub-pantalla-7-nest-2da-gen-asistente-virtual-_JM,,
MLA1400539531,Google Home Mini Asistente Virtual Google Assistant Ref,MLA409415,64990,ARS,,,new,https://articulo.mercadolibre.com.ar/MLA-1400539531-google-home-mini-asistente-virtual-google-assistant-ref-_JM,,
MLA1907122196,"Google Nest Hub Con Asistente Virtual Google Assistant, Pantalla Integrada De 7  Charcoal 110v/220v",MLA409415,270000,ARS,,,new,https://articulo.mercadolibre.com.ar/MLA-1907122196-google-nest-hub-con-asistente-virtual-google-assistant-pantalla-integrada-de-7-charcoal-110v220v-_JM,,
MLA1448891827,Google Home Mini Asistente Virtual Google Assistant Outlet,MLA409415,54990,ARS,,,new,https://articulo.mercadolibre.com.ar/MLA-1448891827-google-home-mini-asistente-virtual-google-assistant-outlet-_JM,,
MLA1452498123,Google Home Mini Asistente Virtual Coral 110/220 Refabricado,MLA409415,64990,ARS,,,new,https://articulo.mercadolibre.com.ar/MLA-1452498123-google-home-mini-asistente-virtual-coral-110220-refabricado-_JM,,
MLA1452420859,Asistente Virtual Google Home Mini Coral Wi-fi Refabricado,MLA409415,84990,ARS,,,new,https://articulo.mercadolibre.com.ar/MLA-1452420859-asistente-virtual-google-home-mini-coral-wi-fi-refabricado-_JM,,
MLA1154268993,Combo Google Home Mini + Chromecast 2 Asistente Virtuales,MLA409415,199990,ARS,,,new,https://articulo.mercadolibre.com.ar/MLA-1154268993-combo-google-home-mini-chromecast-2-asistente-virtuales-_JM,,
MLA1597677284,Parlante Google Home Mini Google Assistant Wifi Refabricado,MLA409415,79990,ARS,,,new,https://articulo.mercadolibre.com.ar/MLA-1597677284-parlante-google-home-mini-google-assistant-wifi-refabricado-_JM,,
MLA1616759000,Google Home Google Assistant Asistente Virtual Refabricado,MLA409415,154990,ARS,,,new,https://articulo.mercadolibre.com.ar/MLA-1616759000-google-home-google-assistant-asistente-virtual-refabricado-_JM,,
MLA1683844336,Google Home Max Con Asistente Virtual Google Assistant Chalk 100v/240v,MLA409415,814644,ARS,,,new,https://articulo.mercadolibre.com.ar/MLA-1683844336-google-home-max-con-asistente-virtual-google-assistant-chalk-100v240v-_JM,,
MLA1597677282,Parlante Google Home Mini Asistente Virtual Wifi Refabricado,MLA409415,89990,ARS,,,new,https://articulo.mercadolibre.com.ar/MLA-1597677282-parlante-google-home-mini-asistente-virtual-wifi-refabricado-_JM,,
MLA1400506527,Google Home Mini Multi-room Google Assistant Refabricado,MLA409415,84990,ARS,,,new,https://articulo.mercadolibre.com.ar/MLA-1400506527-google-home-mini-multi-room-google-assistant-refabricado-_JM,,
MLA1398832615,Google Home Mini Con Asistente Virtual Bluetooth Ref,MLA409415,89990,ARS,,,new,https://articulo.mercadolibre.com.ar/MLA-1398832615-google-home-mini-con-asistente-virtual-bluetooth-ref-_JM,,
MLA1398845475,Google Home Mini Google Assistant Chalk  9 W Ref,MLA409415,71990,ARS,,,new,https://articulo.mercadolibre.com.ar/MLA-1398845475-google-home-mini-google-assistant-chalk-9-w-ref-_JM,,
MLA833417329,Google Home Mini Asistente Virtual Parlante Original Español,MLA409415,177100,ARS,,,new,https://articulo.mercadolibre.com.ar/MLA-833417329-google-home-mini-asistente-virtual-parlante-original-espanol-_JM,,
MLA1110314122,Soporte Pared 45º Google Home Hub Base 138x60mm Nextsale,MLA409415,10900,ARS,,,new,https://articulo.mercadolibre.com.ar/MLA-1110314122-soporte-pared-45-google-home-hub-base-138x60mm-nextsale-_JM,,
MLA1110377590,Soporte De Pared Google Mini Home / Nest Mini 2da Generacion,MLA409415,10900,ARS,,,new,https://articulo.mercadolibre.com.ar/MLA-1110377590-soporte-de-pared-google-mini-home-nest-mini-2da-generacion-_JM,,
MLA912014012,Soporte De Pared Google Mini Home / Nest Mini 2da Generacion,MLA409415,4999,ARS,,,new,https://articulo.mercadolibre.com.ar/MLA-912014012-soporte-de-pared-google-mini-home-nest-mini-2da-generacion-_JM,,
MLA1693634994,Google Home Hub Pantalla Hd 7  Wi-fi Bluetooth Sensor De Luz,MLA409415,339990,ARS,,,new,https://articulo.mercadolibre.com.ar/MLA-1693634994-google-home-hub-pantalla-hd-7-wi-fi-bluetooth-sensor-de-luz-_JM,,
MLA1412976451,Google Home Hub Control Por Voz Pantalla Hd 7  Blanco/gris,MLA409415,269990,ARS,,,new,https://articulo.mercadolibre.com.ar/MLA-1412976451-google-home-hub-control-por-voz-pantalla-hd-7-blancogris-_JM,,
MLA1432622907,Google Home Mini Google Assistant Coral 110v/220v Usado,MLA409415,44990,ARS,,,used,https://articulo.mercadolibre.com.ar/MLA-1432622907-google-home-mini-google-assistant-coral-110v220v-usado-_JM,,
MLA1443012353,Google Home Hub Asistente Pantalla  7  Pulgadas Impecable,MLA409415,170000,ARS,,,used,https://articulo.mercadolibre.com.ar/MLA-1443012353-google-home-hub-asistente-pantalla-7-pulgadas-impecable-_JM,,
MLA1569955706,Google Home Asistente Virtual Google Assistant White Y Slate,MLA409415,1100000,ARS,,,used,https://articulo.mercadolibre.com.ar/MLA-1569955706-google-home-asistente-virtual-google-assistant-white-y-slate-_JM,,
MLA1432597373,Usado Google Home Mini Google Assistant Coral 110v/220v,MLA409415,60990,ARS,,,used,https://articulo.mercadolibre.com.ar/MLA-1432597373-usado-google-home-mini-google-assistant-coral-110v220v-_JM,,
MLA1364551668,Parlante Inteligente Google Home Mini  Youtube Usado Gris,MLA409415,58990,ARS,,,used,https://articulo.mercadolibre.com.ar/MLA-1364551668-parlante-inteligente-google-home-mini-youtube-usado-gris-_JM,,
MLA1422239063,Google Home Mini Con Asistente Virtual ,MLA409415,59999,ARS,,,used,https://articulo.mercadolibre.com.ar/MLA-1422239063-google-home-mini-con-asistente-virtual-_JM,,
MLA1361515563,Parlante Inteligente Google Home Mini Smart Speaker Spotify,MLA409415,58990,ARS,,,used,https://articulo.mercadolibre.com.ar/MLA-1361515563-parlante-inteligente-google-home-mini-smart-speaker-spotify-_JM,,
MLA1361528507,Parlante Inteligente Google Home Mini Smart Speaker Gris Yt,MLA409415,62990,ARS,,,used,https://articulo.mercadolibre.com.ar/MLA-1361528507-parlante-inteligente-google-home-mini-smart-speaker-gris-yt-_JM,,
MLA1892733826,Google Home Mini Con Asistente Virtual Chalk 110v/220v,MLA409415,60000,ARS,,,used,https://articulo.mercadolibre.com.ar/MLA-1892733826-google-home-mini-con-asistente-virtual-chalk-110v220v-_JM,,
MLA1436571213,Google Home Mini - Excelente!!,MLA409415,65000,ARS,,,used,https://articulo.mercadolibre.com.ar/MLA-1436571213-google-home-mini-excelente-_JM,,
MLA1450279761,Google Home Mini Con Asistente Virtual Google Assistant,MLA409415,49000,ARS,,,used,https://articulo.mercadolibre.com.ar/MLA-1450279761-google-home-mini-con-asistente-virtual-google-assistant-_JM,,
MLA1437520249,Google Home Mini Con Asistente Virtual Color Negro,MLA409415,159999,ARS,,,used,https://articulo.mercadolibre.com.ar/MLA-1437520249-google-home-mini-con-asistente-virtual-color-negro-_JM,,
MLA1820484428,Google Home Mini Con Asistente Virtual Charcoal 110v/220v,MLA409415,89999,ARS,,,used,https://articulo.mercadolibre.com.ar/MLA-1820484428-google-home-mini-con-asistente-virtual-charcoal-110v220v-_JM,,
MLA1416430677,Google Home Mini Original!! Google Assistant ,MLA409415,61000,ARS,,,used,https://articulo.mercadolibre.com.ar/MLA-1416430677-google-home-mini-original-google-assistant-_JM,,
MLA1366426083, Apple Tv 4k (wifi) A2737 De Voz 3.ª Generación 2022 4k 64gb Negro - Distribuidor Autorizado,MLA352001,405399,ARS,,,new,https://articulo.mercadolibre.com.ar/MLA-1366426083-apple-tv-4k-wifi-a2737-de-voz-3-generacion-2022-4k-64gb-negro-distribuidor-autorizado-_JM,,
MLA1449403395, Apple Tv Hd A1625 De Voz 4.ª Generación 2015 Full Hd 32gb Negro Con 2gb De Memoria Ram,MLA352001,329990,ARS,,,new,https://articulo.mercadolibre.com.ar/MLA-1449403395-apple-tv-hd-a1625-de-voz-4-generacion-2015-full-hd-32gb-negro-con-2gb-de-memoria-ram-_JM,,
MLA1555247434, Apple Tv 4k (wifi + Ethernet) A2843 De Voz 3.ª Generación 2022 4k 128gb Negro,MLA352001,588000,ARS,,,new,https://articulo.mercadolibre.com.ar/MLA-1555247434-apple-tv-4k-wifi-ethernet-a2843-de-voz-3-generacion-2022-4k-128gb-negro-_JM,,
MLA1399215546, Apple Tv 4k (wifi) A2737 De Voz 3.ª Generación 2022 4k 64gb Negro,MLA352001,477099,ARS,,,new,https://articulo.mercadolibre.com.ar/MLA-1399215546-apple-tv-4k-wifi-a2737-de-voz-3-generacion-2022-4k-64gb-negro-_JM,,
MLA1539557184, Apple Tv 4k (wifi) A2737 3.ª Generación 2022 4k 64gb Color Negro Tipo De Control Remoto Control De Voz,MLA352001,446400,ARS,,,new,https://articulo.mercadolibre.com.ar/MLA-1539557184-apple-tv-4k-wifi-a2737-3-generacion-2022-4k-64gb-color-negro-tipo-de-control-remoto-control-de-voz-_JM,,
MLA1594852796, Apple Tv 4k A2169 De Voz 2.ª Generación 2021 4k 64gb Negro,MLA352001,22222222,ARS,,,new,https://articulo.mercadolibre.com.ar/MLA-1594852796-apple-tv-4k-a2169-de-voz-2-generacion-2021-4k-64gb-negro-_JM,,
MLA1417741441,Apple Tv Fhd 32gb 2nd Gen 2021 Black Mhy93ll/a,MLA352001,599990,ARS,,,new,https://articulo.mercadolibre.com.ar/MLA-1417741441-apple-tv-fhd-32gb-2nd-gen-2021-black-mhy93lla-_JM,,
MLA1426291701,Apple Tv 4k 64gb Modelo A2169. Soporte Y Funda De Regalo,MLA352001,567000,ARS,,,new,https://articulo.mercadolibre.com.ar/MLA-1426291701-apple-tv-4k-64gb-modelo-a2169-soporte-y-funda-de-regalo-_JM,,
MLA1453365954, Apple Tv 4k A2169 De Voz 2.ª Generación 2021 4k 32gb Negro,MLA352001,699997,ARS,,,new,https://articulo.mercadolibre.com.ar/MLA-1453365954-apple-tv-4k-a2169-de-voz-2-generacion-2021-4k-32gb-negro-_JM,,
MLA1444314171,Apple Tv 4k (wifi + Ethernet) De Voz 3.ª Gener 4k  Negro,MLA352001,432000,ARS,,,new,https://articulo.mercadolibre.com.ar/MLA-1444314171-apple-tv-4k-wifi-ethernet-de-voz-3-gener-4k-negro-_JM,,
MLA1806378888, Apple Tv 4k A2169 64gb 2021 Ethernet Thread - Segunda Gen.,MLA352001,549999.99,ARS,,,new,https://articulo.mercadolibre.com.ar/MLA-1806378888-apple-tv-4k-a2169-64gb-2021-ethernet-thread-segunda-gen-_JM,,
MLA1904940598,Apple Tv 4k 64 Gb Negro Con Memoria Ram De 3 Gb A1842,MLA352001,300000,ARS,,,used,https://articulo.mercadolibre.com.ar/MLA-1904940598-apple-tv-4k-64-gb-negro-con-memoria-ram-de-3-gb-a1842-_JM,,
MLA1444271731,Apple Tv A1427 2da Generación,MLA352001,35000,ARS,,,used,https://articulo.mercadolibre.com.ar/MLA-1444271731-apple-tv-a1427-2da-generacion-_JM,,
MLA1400247011, Apple Tv A1469 Estándar 3era Generación,MLA352001,62000,ARS,,,used,https://articulo.mercadolibre.com.ar/MLA-1400247011-apple-tv-a1469-estandar-3era-generacion-_JM,,
MLA1921917430,Apple Tv A1469 Estándar 3.a Generación,MLA352001,42500,ARS,,,used,https://articulo.mercadolibre.com.ar/MLA-1921917430-apple-tv-a1469-estandar-3a-generacion-_JM,,
MLA1399520644,Apple Tv 4k 32gb A1842 Negro (usado),MLA352001,400000,ARS,,,used,https://articulo.mercadolibre.com.ar/MLA-1399520644-apple-tv-4k-32gb-a1842-negro-usado-_JM,,
MLA1877356464,Apple Tv 2 3.ª Gen. Full Hd 1gb Ram 8gb.,MLA352001,45000,ARS,,,used,https://articulo.mercadolibre.com.ar/MLA-1877356464-apple-tv-2-3-gen-full-hd-1gb-ram-8gb-_JM,,
MLA1913427140,Apple Tv A1427  3.a Generación Full Hd 8gb Negro,MLA352001,80000,ARS,,,used,https://articulo.mercadolibre.com.ar/MLA-1913427140-apple-tv-a1427-3a-generacion-full-hd-8gb-negro-_JM,,
MLA1781884668, Apple Tv A1427 2.ª Generación ,MLA352001,37081.98,ARS,,,used,https://articulo.mercadolibre.com.ar/MLA-1781884668-apple-tv-a1427-2-generacion-_JM,,
MLA1436028141, Apple Tv A1427  8gb Negro  512mb Ram ,MLA352001,46000,ARS,,,used,https://articulo.mercadolibre.com.ar/MLA-1436028141-apple-tv-a1427-8gb-negro-512mb-ram-_JM,,
MLA1451784141,Apple Tv A1427 1a Gen. Negro / Full Hd Impecable!!,MLA352001,45000,ARS,,,used,https://articulo.mercadolibre.com.ar/MLA-1451784141-apple-tv-a1427-1a-gen-negro-full-hd-impecable-_JM,,
MLA935560782,Apple Tv 3ra Generación - A1469,MLA352001,85000,ARS,,,used,https://articulo.mercadolibre.com.ar/MLA-935560782-apple-tv-3ra-generacion-a1469-_JM,,
MLA1433276905,Apple Tv A1469 Estándar 3.ª Generación Excelente Estado,MLA352001,64000,ARS,,,used,https://articulo.mercadolibre.com.ar/MLA-1433276905-apple-tv-a1469-estandar-3-generacion-excelente-estado-_JM,,
MLA1837941502,Apple Tv Hd A1625 4ta Generación Full Hd 32gb Remoto Siri,MLA352001,195000,ARS,,,used,https://articulo.mercadolibre.com.ar/MLA-1837941502-apple-tv-hd-a1625-4ta-generacion-full-hd-32gb-remoto-siri-_JM,,
MLA1111243533,Apple Tv 3ra Generación Modelo A1469,MLA352001,100000,ARS,,,used,https://articulo.mercadolibre.com.ar/MLA-1111243533-apple-tv-3ra-generacion-modelo-a1469-_JM,,
MLA1844813002,Apple Tv A1469 Estándar 3.ª Generación Rev. A Full Hd 8gb.,MLA352001,95000,ARS,,,used,https://articulo.mercadolibre.com.ar/MLA-1844813002-apple-tv-a1469-estandar-3-generacion-rev-a-full-hd-8gb-_JM,,
MLA1448857569,Apple Tv 3,MLA352001,38000,ARS,,,used,https://articulo.mercadolibre.com.ar/MLA-1448857569-apple-tv-3-_JM,,
MLA1443682603,Apple Tv 2ª Generaciónhd 8gb Negro Con 256mb De Memoria Ram,MLA352001,60000,ARS,,,used,https://articulo.mercadolibre.com.ar/MLA-1443682603-apple-tv-2-generacionhd-8gb-negro-con-256mb-de-memoria-ram-_JM,,
MLA1913452572,Apple Tv 3a Gen  Full Hd 8gb 512mb Ram A1427,MLA352001,45000,ARS,,,used,https://articulo.mercadolibre.com.ar/MLA-1913452572-apple-tv-3a-gen-full-hd-8gb-512mb-ram-a1427-_JM,,
MLA1428080643,Apple Tv 3ra Generación,MLA352001,120000,ARS,,,used,https://articulo.mercadolibre.com.ar/MLA-1428080643-apple-tv-3ra-generacion-_JM,,
MLA1426077727, Apple Tv A1469 Estándar 3.ª Generación Full Hd 8gb Negro ,MLA352001,50000,ARS,,,used,https://articulo.mercadolibre.com.ar/MLA-1426077727-apple-tv-a1469-estandar-3-generacion-full-hd-8gb-negro-_JM,,
MLA1677887932,Apple Tv 3era Generación. Full Hd. Con Control Remoto Y Hdmi,MLA352001,55000,ARS,,,used,https://articulo.mercadolibre.com.ar/MLA-1677887932-apple-tv-3era-generacion-full-hd-con-control-remoto-y-hdmi-_JM,,
MLA1111206110,Apple Tv Modelo A1469 3er Generación,MLA352001,140000,ARS,,,used,https://articulo.mercadolibre.com.ar/MLA-1111206110-apple-tv-modelo-a1469-3er-generacion-_JM,,
MLA1794555584,Apple Tv A1427 3.ª Generación Full Hd,MLA352001,80000,ARS,,,used,https://articulo.mercadolibre.com.ar/MLA-1794555584-apple-tv-a1427-3-generacion-full-hd-_JM,,
MLA1446598647,Apple Tv A1469 Estándar 3.ª Generación A Full Hd 8gb Negro,MLA352001,50000,ARS,,,used,https://articulo.mercadolibre.com.ar/MLA-1446598647-apple-tv-a1469-estandar-3-generacion-a-full-hd-8gb-negro-_JM,,
MLA1414122791, Apple Tv A1427 Negro - 1080p Full Hd,MLA352001,180000,ARS,,,used,https://articulo.mercadolibre.com.ar/MLA-1414122791-apple-tv-a1427-negro-1080p-full-hd-_JM,,
MLA1145383193, Apple Tv 4.ª Generación 2017 Full Hd 64gb Casi Nuevo,MLA352001,380000,ARS,,,used,https://articulo.mercadolibre.com.ar/MLA-1145383193-apple-tv-4-generacion-2017-full-hd-64gb-casi-nuevo-_JM,,
MLA1911254292,Apple Tv 4k (wifi + Ethernet) A2843 4k 128gb Negro,MLA352001,559000,ARS,,,used,https://articulo.mercadolibre.com.ar/MLA-1911254292-apple-tv-4k-wifi-ethernet-a2843-4k-128gb-negro-_JM,,
MLA1452766375,Apple Tv 4k 32 Gb Mod A1842,MLA352001,160000,ARS,,,used,https://articulo.mercadolibre.com.ar/MLA-1452766375-apple-tv-4k-32-gb-mod-a1842-_JM,,
MLA1913825834,Apple Tv A1378 - Con Control Remoto Y Cables (220v Y Hdmi),MLA352001,30000,ARS,,,used,https://articulo.mercadolibre.com.ar/MLA-1913825834-apple-tv-a1378-con-control-remoto-y-cables-220v-y-hdmi-_JM,,
MLA1905654296,Apple Tv 3a Gen A1469 32gb 8gb Ram Full Hd Hdmi,MLA352001,54000,ARS,,,used,https://articulo.mercadolibre.com.ar/MLA-1905654296-apple-tv-3a-gen-a1469-32gb-8gb-ram-full-hd-hdmi-_JM,,
MLA1799086010,Apple Tv A1469 Estándar 3.ª Generación Rev. A Full Hd 8gb,MLA352001,150000,ARS,,,used,https://articulo.mercadolibre.com.ar/MLA-1799086010-apple-tv-a1469-estandar-3-generacion-rev-a-full-hd-8gb-_JM,,
MLA1445793563,Apple Tv Hd A1625 De Voz 4.ª Generación 2015 Full Hd 64 Gb,MLA352001,200000,ARS,,,used,https://articulo.mercadolibre.com.ar/MLA-1445793563-apple-tv-hd-a1625-de-voz-4-generacion-2015-full-hd-64-gb-_JM,,
MLA1899194696,Apple Tv 2a Generación Full Hd,MLA352001,60000,ARS,,,used,https://articulo.mercadolibre.com.ar/MLA-1899194696-apple-tv-2a-generacion-full-hd-_JM,,
MLA1914163680,Apple Tv 4k 64 Gb Negro Con Memoria Ram De 3 Gb A1842,MLA352001,200000,ARS,,,used,https://articulo.mercadolibre.com.ar/MLA-1914163680-apple-tv-4k-64-gb-negro-con-memoria-ram-de-3-gb-a1842-_JM,,
MLA1446659505,Apple Tv 4k (wifi + Ethernet) A2843 De Voz 3.a Generación,MLA352001,365000,ARS,,,used,https://articulo.mercadolibre.com.ar/MLA-1446659505-apple-tv-4k-wifi-ethernet-a2843-de-voz-3a-generacion-_JM,,
MLA1755792356, Apple Tv A1469 3.ª Generación. Perf. Estado Caja Cable Orig,MLA352001,98000,ARS,,,used,https://articulo.mercadolibre.com.ar/MLA-1755792356-apple-tv-a1469-3-generacion-perf-estado-caja-cable-orig-_JM,,
MLA1451533489,Apple Tv A1625 4.a Generación Full Hd 32gb Muy Poco Uso!,MLA352001,165000,ARS,,,used,https://articulo.mercadolibre.com.ar/MLA-1451533489-apple-tv-a1625-4a-generacion-full-hd-32gb-muy-poco-uso-_JM,,
MLA1875309242,Apple Tv 2da Generacion Usado Impecable,MLA352001,55000,ARS,,,used,https://articulo.mercadolibre.com.ar/MLA-1875309242-apple-tv-2da-generacion-usado-impecable-_JM,,
MLA1629368964,Amazon Lite Fire Tv Stick B091g4yp57 De Voz Full Hd 8gb Negro Con 1gb De Memoria Ram,MLA352001,83299,ARS,,,new,https://articulo.mercadolibre.com.ar/MLA-1629368964-amazon-lite-fire-tv-stick-b091g4yp57-de-voz-full-hd-8gb-negro-con-1gb-de-memoria-ram-_JM,,
MLA1565619806,Amazon Fire Tv Stick Lite Control Por Voz Alexa Fhd 1080p Color Negro Tipo De Control Remoto De Voz,MLA352001,66691,ARS,,,new,https://articulo.mercadolibre.com.ar/MLA-1565619806-amazon-fire-tv-stick-lite-control-por-voz-alexa-fhd-1080p-color-negro-tipo-de-control-remoto-de-voz-_JM,,
MLA1919650622,Amazon Fire Tv Stick 4k Max 16 Gb Wifi 6 Ultra Rápido Color Negro,MLA352001,144900,ARS,,,new,https://articulo.mercadolibre.com.ar/MLA-1919650622-amazon-fire-tv-stick-4k-max-16-gb-wifi-6-ultra-rapido-color-negro-_JM,,
MLA1374156562,Amazon Fire Tv Stick 4k De Voz 2ª Generación 4k 8gb Negro Con 1.5gb De Memoria Ram,MLA352001,104999,ARS,,,new,https://articulo.mercadolibre.com.ar/MLA-1374156562-amazon-fire-tv-stick-4k-de-voz-2-generacion-4k-8gb-negro-con-15gb-de-memoria-ram-_JM,,
MLA1452010009,Amazon Fire Tv Stick 4k Ultra Hd Max 16gb 2nda Generación Wi-fi 6e Color Negro Tipo De Control Remoto Estándar,MLA352001,98499,ARS,,,new,https://articulo.mercadolibre.com.ar/MLA-1452010009-amazon-fire-tv-stick-4k-ultra-hd-max-16gb-2nda-generacion-wi-fi-6e-color-negro-tipo-de-control-remoto-estandar-_JM,,
MLA1450055057,Amazon Fire Tv Stick Lite 3ra Gen Con Alexa Control De Voz,MLA352001,69999,ARS,,,new,https://articulo.mercadolibre.com.ar/MLA-1450055057-amazon-fire-tv-stick-lite-3ra-gen-con-alexa-control-de-voz-_JM,,
MLA1451217175,"Amazon Fire Tv Stick 4k Streaming, Con Alexa Voice Remote Color Negro",MLA352001,124999,ARS,,,new,https://articulo.mercadolibre.com.ar/MLA-1451217175-amazon-fire-tv-stick-4k-streaming-con-alexa-voice-remote-color-negro-_JM,,
MLA1214594878,Amazon Fire Tv Stick 4k De Voz 2ª Generación 4k 8gb Negro1 Con 1.5gb De Memoria Ram,MLA352001,145999,ARS,,,new,https://articulo.mercadolibre.com.ar/MLA-1214594878-amazon-fire-tv-stick-4k-de-voz-2-generacion-4k-8gb-negro1-con-15gb-de-memoria-ram-_JM,,
MLA1452835467,Amazon Fire Tv Stick De Voz 3gen Full Hd 8gb Negro Con 1gb De Ram,MLA352001,79999,ARS,,,new,https://articulo.mercadolibre.com.ar/MLA-1452835467-amazon-fire-tv-stick-de-voz-3gen-full-hd-8gb-negro-con-1gb-de-ram-_JM,,
MLA1142240951,Amazon Fire Tv Stick Lite 2ª Generación Full Hd 1gb Ram Color Negro,MLA352001,78086,ARS,,,new,https://articulo.mercadolibre.com.ar/MLA-1142240951-amazon-fire-tv-stick-lite-2-generacion-full-hd-1gb-ram-color-negro-_JM,,
MLA1341381358,Amazon Fire Tv Stick De Voz 3ra Gen Full Hd 8gb Negro Con 1gb De Ram,MLA352001,93999,ARS,,,new,https://articulo.mercadolibre.com.ar/MLA-1341381358-amazon-fire-tv-stick-de-voz-3ra-gen-full-hd-8gb-negro-con-1gb-de-ram-_JM,,
MLA1441602461,Amazon Fire Tv Stick 4k 2023 Wifi 6 2gb De Ram Con Alexa Color Negro,MLA352001,116499,ARS,,,new,https://articulo.mercadolibre.com.ar/MLA-1441602461-amazon-fire-tv-stick-4k-2023-wifi-6-2gb-de-ram-con-alexa-color-negro-_JM,,
MLA1916026940,Fire Tv Stick Lite Con Botones Amazon Streaming,MLA352001,111998.6,ARS,,,new,https://articulo.mercadolibre.com.ar/MLA-1916026940-fire-tv-stick-lite-con-botones-amazon-streaming-_JM,,
MLA1429056863,Amazon Tv Stick Fire Tv Stick 4k Max K2r2te De Voz 1.ª Generación 4k 8gb Negro Con 2gb De Memoria Ram,MLA352001,109000,ARS,,,new,https://articulo.mercadolibre.com.ar/MLA-1429056863-amazon-tv-stick-fire-tv-stick-4k-max-k2r2te-de-voz-1-generacion-4k-8gb-negro-con-2gb-de-memoria-ram-_JM,,
MLA1902975430,Amazon Fire Tv Stick 3ra Hd Alexa Voice Remote Original,MLA352001,85990,ARS,,,new,https://articulo.mercadolibre.com.ar/MLA-1902975430-amazon-fire-tv-stick-3ra-hd-alexa-voice-remote-original-_JM,,
MLA1403568339,Amazon Fire Tv Stick 4k De Voz 3.ª 4k 8gb Negro 1.5gb Ram,MLA352001,89999,ARS,,,new,https://articulo.mercadolibre.com.ar/MLA-1403568339-amazon-fire-tv-stick-4k-de-voz-3-4k-8gb-negro-15gb-ram-_JM,,
MLA1286463064,Amazon Fire Tv Stick Lite Hd 8gb Hdr Dolby 1080p Control Voz,MLA352001,75499,ARS,,,new,https://articulo.mercadolibre.com.ar/MLA-1286463064-amazon-fire-tv-stick-lite-hd-8gb-hdr-dolby-1080p-control-voz-_JM,,
MLA1854018118,Amazon Fire Tv Stick Lite Control Voz Edición 2022 Full Hd,MLA352001,69499,ARS,,,new,https://articulo.mercadolibre.com.ar/MLA-1854018118-amazon-fire-tv-stick-lite-control-voz-edicion-2022-full-hd-_JM,,
MLA1856299012,Amazon Fire Tv Stick 4k Comando De Voz Streaming,MLA352001,96000,ARS,,,new,https://articulo.mercadolibre.com.ar/MLA-1856299012-amazon-fire-tv-stick-4k-comando-de-voz-streaming-_JM,,
MLA1451230839,Amazon Fire Tv Stick 4k Ultra Hd Max 16gb Wi-fi 6e Negro,MLA352001,144900,ARS,,,new,https://articulo.mercadolibre.com.ar/MLA-1451230839-amazon-fire-tv-stick-4k-ultra-hd-max-16gb-wi-fi-6e-negro-_JM,,
MLA1376700509,Amazon Fire Tv Stick 4k 8gb  1.5gb Ram Streaming Control Voz,MLA352001,79999,ARS,,,new,https://articulo.mercadolibre.com.ar/MLA-1376700509-amazon-fire-tv-stick-4k-8gb-15gb-ram-streaming-control-voz-_JM,,
MLA1434880347,Amazon Fire Tv Stick Lite- De Voz 2.ª Generación Full Hd,MLA352001,74999,ARS,,,new,https://articulo.mercadolibre.com.ar/MLA-1434880347-amazon-fire-tv-stick-lite-de-voz-2-generacion-full-hd-_JM,,
MLA1751007286,Amazon Fire Tv Stick 4k Streaming 2° Gen Con Alexa ,MLA352001,103900,ARS,,,new,https://articulo.mercadolibre.com.ar/MLA-1751007286-amazon-fire-tv-stick-4k-streaming-2-gen-con-alexa-_JM,,
MLA1452229281,Amazon Lite Fire Tv Stick B091g4yp57 De Voz Full Hd 8gb,MLA352001,69499,ARS,,,new,https://articulo.mercadolibre.com.ar/MLA-1452229281-amazon-lite-fire-tv-stick-b091g4yp57-de-voz-full-hd-8gb-_JM,,
MLA1275869904,Amazon Fire Tv Stick Lite De Voz Full Hd 8gb + Fuente 220v!,MLA352001,72490,ARS,,,new,https://articulo.mercadolibre.com.ar/MLA-1275869904-amazon-fire-tv-stick-lite-de-voz-full-hd-8gb-fuente-220v-_JM,,
MLA1373073449,Amazon Fire Tv Stick Lite 2022 Full Hd 8gb Streaming ,MLA352001,84500,ARS,,,new,https://articulo.mercadolibre.com.ar/MLA-1373073449-amazon-fire-tv-stick-lite-2022-full-hd-8gb-streaming-_JM,,
MLA1144084762,Amazon Fire Tv Stick 4k 8gb Negro Con 1.5gb De Memoria Ram,MLA352001,79999,ARS,,,new,https://articulo.mercadolibre.com.ar/MLA-1144084762-amazon-fire-tv-stick-4k-8gb-negro-con-15gb-de-memoria-ram-_JM,,
MLA1444459291,"Amazon Fire Tv Stick 4k Streaming, Con Alexa Voice Remote Co",MLA352001,107799,ARS,,,new,https://articulo.mercadolibre.com.ar/MLA-1444459291-amazon-fire-tv-stick-4k-streaming-con-alexa-voice-remote-co-_JM,,
MLA1286552519,Amazon Fire Tv Stick Lite Hd 8gb Hdr Control Voz Dolby 1080p,MLA352001,90499,ARS,,,new,https://articulo.mercadolibre.com.ar/MLA-1286552519-amazon-fire-tv-stick-lite-hd-8gb-hdr-control-voz-dolby-1080p-_JM,,
MLA1447414004,Amazon Fire Tv Stick 4k 8gb 1.5gb Ram Streaming Control Voz,MLA352001,79999,ARS,,,new,https://articulo.mercadolibre.com.ar/MLA-1447414004-amazon-fire-tv-stick-4k-8gb-15gb-ram-streaming-control-voz-_JM,,
MLA1451822241,Amazon Lite Fire Tv Stick B091g4yp57 De Voz Full Hd 8gb Negr,MLA352001,83999,ARS,,,new,https://articulo.mercadolibre.com.ar/MLA-1451822241-amazon-lite-fire-tv-stick-b091g4yp57-de-voz-full-hd-8gb-negr-_JM,,
MLA1369051919,Amazon Fire Tv Stick 4k De Voz 3° Gen 8gb Cargador Original!,MLA352001,129998,ARS,,,new,https://articulo.mercadolibre.com.ar/MLA-1369051919-amazon-fire-tv-stick-4k-de-voz-3-gen-8gb-cargador-original-_JM,,
MLA1716970254,Amazon Fire Tv Stick 4k Max 2° Gen - 16 Gb - Wi-fi 6e Alexa,MLA352001,167000,ARS,,,new,https://articulo.mercadolibre.com.ar/MLA-1716970254-amazon-fire-tv-stick-4k-max-2-gen-16-gb-wi-fi-6e-alexa-_JM,,
MLA1436000073,Amazon Fire Tv Stick 4k Max Ultra Hd Hdr Wifi 6 Version 2023,MLA352001,101999,ARS,,,new,https://articulo.mercadolibre.com.ar/MLA-1436000073-amazon-fire-tv-stick-4k-max-ultra-hd-hdr-wifi-6-version-2023-_JM,,
MLA1372865557,Amazon Fire Tv Stick Lite 2022 Full Hd 8gb Streaming ,MLA352001,84500,ARS,,,new,https://articulo.mercadolibre.com.ar/MLA-1372865557-amazon-fire-tv-stick-lite-2022-full-hd-8gb-streaming-_JM,,
MLA1413017321,Amazon Fire Tv Stick 4k De Voz 3.ª Generación 4k 8gb Ade,MLA352001,114999,ARS,,,new,https://articulo.mercadolibre.com.ar/MLA-1413017321-amazon-fire-tv-stick-4k-de-voz-3-generacion-4k-8gb-ade-_JM,,
MLA1918201864,Amazon Fire Tv Stick 4k Max Ultra Hd 16gb Streaming,MLA352001,99999,ARS,,,new,https://articulo.mercadolibre.com.ar/MLA-1918201864-amazon-fire-tv-stick-4k-max-ultra-hd-16gb-streaming-_JM,,
MLA1373149393,Amazon Fire Tv Stick Lite 2022 Full Hd 8gb Streaming ,MLA352001,84500,ARS,,,new,https://articulo.mercadolibre.com.ar/MLA-1373149393-amazon-fire-tv-stick-lite-2022-full-hd-8gb-streaming-_JM,,
MLA1902375376,Amazon Fire Tv Stick 4k 23 Wifi 6 2gb Ram Alexa Sin Fuente,MLA352001,87999,ARS,,,new,https://articulo.mercadolibre.com.ar/MLA-1902375376-amazon-fire-tv-stick-4k-23-wifi-6-2gb-ram-alexa-sin-fuente-_JM,,
MLA1440239591,Fire Tv Stick Convertidor Amazon Smart Netflix Streaming Hd,MLA352001,127839,ARS,,,new,https://articulo.mercadolibre.com.ar/MLA-1440239591-fire-tv-stick-convertidor-amazon-smart-netflix-streaming-hd-_JM,,
MLA1869562272,Amazon Fire Tv Stick 4k Ultra Hd Hdr Wifi 6 Version 2023,MLA352001,98199,ARS,,,new,https://articulo.mercadolibre.com.ar/MLA-1869562272-amazon-fire-tv-stick-4k-ultra-hd-hdr-wifi-6-version-2023-_JM,,
MLA1918175152,Amazon Fire Tv Stick 4k Max Ultra Hd 16gb Streaming,MLA352001,99999,ARS,,,new,https://articulo.mercadolibre.com.ar/MLA-1918175152-amazon-fire-tv-stick-4k-max-ultra-hd-16gb-streaming-_JM,,
MLA1443007093,Amazon Fire Tv Stick Lite 2 Comando De Voz Alexa Streaming,MLA352001,79900,ARS,,,new,https://articulo.mercadolibre.com.ar/MLA-1443007093-amazon-fire-tv-stick-lite-2-comando-de-voz-alexa-streaming-_JM,,
MLA1787834792,Amazon Fire Tv Stick Lite- De Voz 2.ª Generación Full Hd ,MLA352001,76990,ARS,,,new,https://articulo.mercadolibre.com.ar/MLA-1787834792-amazon-fire-tv-stick-lite-de-voz-2-generacion-full-hd-_JM,,
MLA1367192955,Amazon Fire Tv Stick 3ra Gen Full Hd Youtube Netflix Disney,MLA352001,69999,ARS,,,new,https://articulo.mercadolibre.com.ar/MLA-1367192955-amazon-fire-tv-stick-3ra-gen-full-hd-youtube-netflix-disney-_JM,,
MLA1403353954,Amazon Fire Tv Stick 4k 8gb Negro Con 1.5gb De Memoria Ram,MLA352001,79999,ARS,,,new,https://articulo.mercadolibre.com.ar/MLA-1403353954-amazon-fire-tv-stick-4k-8gb-negro-con-15gb-de-memoria-ram-_JM,,
MLA1403888993,Amazon Fire Tv Stick 4k 8gb / 1.5gb Control Remoto Outlet,MLA352001,82900,ARS,,,new,https://articulo.mercadolibre.com.ar/MLA-1403888993-amazon-fire-tv-stick-4k-8gb-15gb-control-remoto-outlet-_JM,,
MLA1166920743,Amazon Fire Tv Stick De Voz 3.ª Gen Full Hd 8gb Negro 1gb ,MLA352001,86490,ARS,,,new,https://articulo.mercadolibre.com.ar/MLA-1166920743-amazon-fire-tv-stick-de-voz-3-gen-full-hd-8gb-negro-1gb-_JM,,
MLA1835355834,Amazon Fire Tv Stick 4k Max Ultra Hd Hdr Version 2023 Wifi 6,MLA352001,122999,ARS,,,new,https://articulo.mercadolibre.com.ar/MLA-1835355834-amazon-fire-tv-stick-4k-max-ultra-hd-hdr-version-2023-wifi-6-_JM,,
MLA1102146000,Amazon Fire Tv Stick De Voz 2.ª Generación Full Hd 8gb Negro Con 1gb De Memoria Ram,MLA352001,69997,ARS,,,new,https://articulo.mercadolibre.com.ar/MLA-1102146000-amazon-fire-tv-stick-de-voz-2-generacion-full-hd-8gb-negro-con-1gb-de-memoria-ram-_JM,,
